rotation_id,train_profiles_rotation,test_profile_rotation,seed,tempmean_MAE_pct,worst_temp_MAE_pct,n_windows
R1,"DST,US06,BJDST",FUDS,0,0.4287770700862758,0.4629630055156465,32278
R1,"DST,US06,BJDST",FUDS,1,0.43114345279198135,0.4974669201191822,32278
R1,"DST,US06,BJDST",FUDS,2,0.3967601772509028,0.4494940560409333,32278
R2,"FUDS,US06,BJDST",DST,0,0.46376481218453747,0.7519323786144856,31305
R2,"FUDS,US06,BJDST",DST,1,0.5305388109074238,0.983053696142017,31305
R2,"FUDS,US06,BJDST",DST,2,0.5193831543819849,0.7940205488518879,31305
R3,"DST,FUDS,BJDST",US06,0,0.6661154520439367,1.4336674090735204,30899
R4,"DST,US06,FUDS",BJDST,0,0.47176561625093033,0.6265324481331178,32620
