ablation_group,feature_set,input_dim,evidence_scope,0C_MAE_pct,25C_MAE_pct,45C_MAE_pct,tempmean_MAE_pct,worst_temp_MAE_pct
G4,paper_g4_all_ema,17,3-seed reproduction,0.4528193025294412,0.45642519113343155,0.3474362064662871,0.41889356670971994,0.45642519113343155
G6,paper_g6_full23,23,3-seed reproduction,0.4398815131725597,0.6100306513372161,0.38204907457963966,0.47732041302980516,0.6100306513372161
G8,paper_g8_no_voltage_ema,17,3-seed reproduction,0.6238775181870715,0.6256604526407737,0.1839628482111372,0.47783360634632754,0.6256604526407737
G7,paper_g7_no_current_ema,15,3-seed reproduction,0.4631218062578097,2.0031341961908415,0.3359941940448206,0.9340833988311572,2.0031341961908415
G1,paper_g1_derivatives,8,3-seed reproduction,0.7954811765152434,1.8136934703099292,0.23112118249319677,0.9467652764394564,1.8136934703099292
G0,paper_g0_raw,3,3-seed reproduction,1.0459155714469905,1.8892952626447197,0.24085107278303505,1.0586873022915817,1.8892952626447197
