temperature,seed_count,MAE_pct_mean,MAE_pct_std,RMSE_pct_mean,MaxAE_pct_mean
0.0,3,0.4528193025294412,0.009640284637070423,0.5863114427987628,1.9044553333333336
25.0,3,0.45642519113343155,0.04467090486065974,0.6764987145552253,3.6102832
45.0,3,0.3474362064662871,0.026544388322581082,0.4703257694452921,1.5419791
ALL_tempmean,3,0.41889356670972,0.0156804578691487,,
