model_id,description,approx_trainable_params,0C_MAE_pct,25C_MAE_pct,45C_MAE_pct,temperature_mean_MAE_pct,worst_temp_MAE_pct,temperature_mean_RMSE_pct,temperature_mean_MaxAE_pct
tcn_h128_l6_moe_g4,"anchor-residual TCN h128 l6 with temp-MoE, G4",492806,0.447754297473597,0.4979001089921218,0.3796820787164204,0.4417788283940464,0.4979001089921218,0.6263041119687928,2.5399632000000003
tcn_h128_l6_no_moe,anchor-residual TCN h128 l6 without temp-MoE,492288,0.4362023495858355,0.5374746951734131,0.3643776280383519,0.4460182242658668,0.5374746951734131,0.6377560342032244,2.3804141666666667
lstm_h128_l1,LSTM h128 layer=1,131584,0.582880658697453,0.8055904895137191,0.4657467521896865,0.618072633466953,0.8055904895137191,0.8108132010392901,3.9016633333333317
window_summary_mlp,window summary MLP: endpoint/mean/std/delta,41985,0.6970044570925658,0.9339887885447794,0.6377849037315366,0.7562593831229606,0.9339887885447794,0.961168215902684,3.865094666666666
gru_h128_l1,GRU h128 layer=1,98688,0.7757503699834334,1.0855061205107308,0.5521154466960352,0.8044573123967331,1.0855061205107308,1.028498633298845,3.339977000000001
endpoint_mlp,"endpoint MLP, no temporal order",35457,0.7300878854421206,1.430682561794802,0.7036146510149435,0.9547950327506219,1.430682561794802,1.3000134946732573,6.091216666666667
