feature_set,input_role,input_dim,mae_0C,mae_25C,mae_45C,temp_mean_mae,worst_temp_mae
G0,Corrected voltage + current + temperature,3,1.0591928425450403,1.8422921286848382,0.27657430539287664,1.0593530922075851,1.8422921286848382
G1,G0 + local derivatives/excitation,8,0.7926739192172292,1.7247694507742464,0.21921783594195388,0.9122204019778098,1.7247694507742464
G4,G0 + voltage/current/absolute-current EMA memory,17,0.4190130149202733,0.46477656824232544,0.36030841319858337,0.41469933212039406,0.46477656824232544
G6,G4 + derivative/excitation terms,23,0.4542338237695865,0.6989121242989526,0.37101351479657935,0.5080531542883728,0.6989121242989526
G7,G6 without current/absolute-current EMA,15,0.46315742021812656,2.043785886797066,0.3358651316748726,0.9476028128966884,2.043785886797066
G8,G6 without voltage EMA,17,0.6103773136156554,0.6100032960910381,0.1756047878149203,0.46532846584053794,0.6103773136156554
