model_id,description,approx_trainable_params,0C_MAE_pct,25C_MAE_pct,45C_MAE_pct,tempmean_MAE_pct,worst_temp_MAE_pct
tcn_h128_l6_moe_g4,"anchor-residual TCN h128 l6 with temp-MoE, G4",492806,0.4477543005367618,0.4979000892110636,0.3796820866275948,0.44177882545847336,0.4979000892110636
tcn_h128_l6_no_moe,anchor-residual TCN h128 l6 without temp-MoE,492288,0.4362023723473532,0.5374746824383876,0.3643776454630629,0.4460182334162679,0.5374746824383876
lstm_h128_l1,LSTM h128 layer=1,131584,0.5828806370971957,0.8055904470124365,0.4657467474043241,0.618072610504652,0.8055904470124365
window_summary_mlp,window summary MLP: endpoint/mean/std/delta,41985,0.6970044544059609,0.9339887519618107,0.6377849058237082,0.7562593707304933,0.9339887519618107
gru_h128_l1,GRU h128 layer=1,98688,0.7757503661982982,1.0855061112134168,0.5521154757906058,0.8044573177341069,1.0855061112134168
endpoint_mlp,"endpoint MLP, no temporal order",35457,0.7300878723947917,1.4306825344884009,0.7036146685549289,0.9547950251460403,1.4306825344884009
