rotation_id,train_profiles_rotation,test_profile_rotation,0C_MAE_pct,25C_MAE_pct,45C_MAE_pct,tempmean_MAE_pct,worst_temp_MAE_pct,seed_count,reported_tempmean_MAE_pct,reported_worst_temp_MAE_pct
R1,"DST,US06,BJDST",FUDS,0.4528193025294412,0.45642519113343155,0.3474362064662871,0.41889356670971994,0.45642519113343155,3,0.41889356670971994,0.46997466055858733
R2,"FUDS,US06,BJDST",DST,0.4041679731240091,0.8430022078694636,0.2665165964804736,0.5045622591579821,0.8430022078694636,3,0.504562259157982,0.8430022078694636
R3,"DST,FUDS,BJDST",US06,0.418555137525494,1.4336674090735204,0.1461238095327957,0.6661154520439366,1.4336674090735204,1,0.6661154520439367,1.4336674090735204
R4,"DST,US06,FUDS",BJDST,0.5726681388697464,0.6265324481331178,0.2160962617499268,0.47176561625093044,0.6265324481331178,1,0.4717656162509303,0.6265324481331178
