model_name,config_id,seed,split_id,train_profiles,test_profile,temperature_C,n_windows,MAE_pct,RMSE_pct,MaxAE_pct,mean_signed_error_pct,residual_std_pct,run_status
anchor_residual_tcn,paperema_g4_candidate_frozen_e160,0,train_0_25_45_DST_US06_BJDST__test_FUDS_0_25_45__fixed_epoch160,"DST,US06,BJDST",FUDS,0.0,9658,0.4452818094849337,0.58415332767454,2.0529747,-0.0456694518937906,0.5823653590289855,DONE
anchor_residual_tcn,paperema_g4_candidate_frozen_e160,0,train_0_25_45_DST_US06_BJDST__test_FUDS_0_25_45__fixed_epoch160,"DST,US06,BJDST",FUDS,25.0,11043,0.4629630055156465,0.6926591640079259,3.34132,-0.1248556730434964,0.6813132747811496,DONE
anchor_residual_tcn,paperema_g4_candidate_frozen_e160,0,train_0_25_45_DST_US06_BJDST__test_FUDS_0_25_45__fixed_epoch160,"DST,US06,BJDST",FUDS,45.0,11577,0.3780863952582471,0.51738529663495,1.7483845000000002,-0.3132042099888238,0.4118138754574837,DONE
anchor_residual_tcn,paperema_g4_candidate_frozen_e160,1,train_0_25_45_DST_US06_BJDST__test_FUDS_0_25_45__fixed_epoch160,"DST,US06,BJDST",FUDS,0.0,9658,0.4636820420624567,0.5786116194393186,1.5376821,-0.1347252289317251,0.5627082004373894,DONE
anchor_residual_tcn,paperema_g4_candidate_frozen_e160,1,train_0_25_45_DST_US06_BJDST__test_FUDS_0_25_45__fixed_epoch160,"DST,US06,BJDST",FUDS,25.0,11043,0.4974669201191822,0.7522504621235702,3.7430484,-0.2292627401276913,0.71646308610721,DONE
anchor_residual_tcn,paperema_g4_candidate_frozen_e160,1,train_0_25_45_DST_US06_BJDST__test_FUDS_0_25_45__fixed_epoch160,"DST,US06,BJDST",FUDS,45.0,11577,0.3322813961943052,0.453027810219433,1.534304,-0.2804558062746521,0.3557790572237908,DONE
anchor_residual_tcn,paperema_g4_candidate_frozen_e160,2,train_0_25_45_DST_US06_BJDST__test_FUDS_0_25_45__fixed_epoch160,"DST,US06,BJDST",FUDS,0.0,9658,0.4494940560409333,0.5961693812824299,2.1227092,-0.0581976219374576,0.5933219766530649,DONE
anchor_residual_tcn,paperema_g4_candidate_frozen_e160,2,train_0_25_45_DST_US06_BJDST__test_FUDS_0_25_45__fixed_epoch160,"DST,US06,BJDST",FUDS,25.0,11043,0.4088456477654659,0.5845865175341799,3.7464812,-0.0282900035336538,0.583901594605466,DONE
anchor_residual_tcn,paperema_g4_candidate_frozen_e160,2,train_0_25_45_DST_US06_BJDST__test_FUDS_0_25_45__fixed_epoch160,"DST,US06,BJDST",FUDS,45.0,11577,0.3319408279463091,0.4405642014814933,1.3432488,-0.245660794931166,0.3657151753220167,DONE
