temperature_C,profile,file_name,n_samples,cycle_duration_s,rho_I_lag1,rho_I_lag10,rho_I_lag20,rho_I_lag40,rho_I_lag50,rho_I_lag100,rho_I_lag200,rho_I_lag800,lag_I_acf_below_0p5
25,BJDST,NMC_25C_BJDST.csv,914,915.0018261839999,0.9514427508916508,0.5249675272996664,0.28885644729302623,0.09347590366191463,0.014477435898612102,-0.15503959647163923,0.0011269368380700177,-0.08680833225168078,20
25,DST,NMC_25C_DST.csv,357,358.997465611,0.9200726384079992,0.3212720624564113,0.17854794890263498,0.16185016293790966,-0.13527343208627784,-0.18067838548167034,0.028327737647177505,,10
25,US06,NMC_25C_US06.csv,595,598.993076104,0.6926815458259674,-0.02477915099734887,-0.1400957912121038,0.0038167826919584687,-0.013663475313302203,-0.007690270133567367,-0.1153439365676553,,10
25,FUDS,NMC_25C_FUDS.csv,1359,1370.990929094,0.8491382807240007,0.11177572139320142,-0.03304020107337228,-0.004796375495095016,0.0499426299551317,-0.05869437221530055,0.03595611518772951,-0.012073359475846156,10
