temperature_C,profile,n_samples,duration_s,mean_abs_I_A,rms_I_A,p95_abs_I_A,I_gt_0_ratio_percent,abs_I_gt_2A_ratio_percent
25,BJDST,914,915.0018261839999,0.5590397817067834,0.7379344932642101,1.389265776,6.017505470459518,0.0
25,DST,357,358.997465611,0.7128537945392157,1.0777834380786568,2.49965167,8.96358543417367,10.92436974789916
25,US06,595,598.993076104,0.6864732249820169,0.9598616276401967,2.0430532931999976,25.210084033613445,5.2100840336134455
25,FUDS,1359,1370.990929094,0.7430810999051508,1.108902596310686,2.4207074168999996,20.52980132450331,8.903605592347315
