temperature_C,n_occupied_bins,n_bins_after_min_count,median_SOC_IQR_fraction,p90_SOC_IQR_fraction,max_SOC_IQR_fraction,median_SOC_range_fraction,p90_SOC_range_fraction,max_SOC_range_fraction,fraction_samples_in_ambiguous_bins_IQR_ge_0p10
0.0,1309,219,0.01715026257428276,0.07393687059733692,0.2112560223731288,0.05065391168135569,0.19068247333132565,0.38194410572947257,0.029057807035589384
25.0,1384,222,0.015332937870271734,0.052126592096049,0.2046254538560997,0.05267742624947805,0.1307642614094121,0.3321238209732787,0.016858571494105235
45.0,1383,262,0.013054521501462857,0.042030528582583375,0.24880101626320583,0.03823733694698228,0.1033342535961187,0.3576089610782253,0.020838863817361296
